variable,rho_spearman,n
rssi_dl,-0.12271430904914421,25522
snr_dl,-0.04840481000487036,25522
mcs_dl,0.04074708619731546,25525
throughput_dl,0.12475562996030909,11072
